{"cameraMode":{"drawMode":0,"name":"Shaded","section":"Shading Mode"},"sceneLighting":true,"audioPlay":false,"sceneViewState":{"showFog":false,"showMaterialUpdate":false,"showSkybox":false,"showFlares":false,"showImageEffects":false,"showParticleSystems":false},"in2DMode":false,"pivot":{"x":-10.794397354125977,"y":6.482093811035156,"z":-3.1390228271484377},"rotation":{"x":-0.0823516771197319,"y":0.9160588383674622,"z":-0.24792373180389405,"w":-0.30428338050842287},"size":19.64357566833496,"orthographic":false}